/*
MySQL Data Transfer
Source Host: localhost
Source Database: ssbd
Target Host: localhost
Target Database: ssbd
Date: 18-Jun-21 4:50:33 PM
*/


create database ssbd;

use ssbd;

SET FOREIGN_KEY_CHECKS=0;
-- ----------------------------
-- Table structure for attacker
-- ----------------------------
DROP TABLE IF EXISTS `attacker`;
CREATE TABLE `attacker` (
  `id` int(11) NOT NULL auto_increment,
  `user` text,
  `fname` text,
  `sk` text,
  `dt` text,
  `attacktype` text,
  PRIMARY KEY  (`id`)
) ENGINE=InnoDB DEFAULT CHARSET=latin1;

-- ----------------------------
-- Table structure for authority
-- ----------------------------
DROP TABLE IF EXISTS `authority`;
CREATE TABLE `authority` (
  `name` text,
  `pass` text
) ENGINE=InnoDB DEFAULT CHARSET=latin1;

-- ----------------------------
-- Table structure for cloud
-- ----------------------------
DROP TABLE IF EXISTS `cloud`;
CREATE TABLE `cloud` (
  `name` text,
  `pass` text
) ENGINE=InnoDB DEFAULT CHARSET=latin1;

-- ----------------------------
-- Table structure for cloudserver
-- ----------------------------
DROP TABLE IF EXISTS `cloudserver`;
CREATE TABLE `cloudserver` (
  `id` int(11) NOT NULL auto_increment,
  `fname` text,
  `ct` text,
  `cont_k` text,
  `sec_k` text,
  `rank` int(11) default NULL,
  `dt` text,
  `downer` text,
  `download_per` text,
  `search_per` text,
  `trapdoor` text,
  `pname` text,
  `symp` text,
  `dis` text,
  PRIMARY KEY  (`id`)
) ENGINE=InnoDB DEFAULT CHARSET=latin1;

-- ----------------------------
-- Table structure for downer
-- ----------------------------
DROP TABLE IF EXISTS `downer`;
CREATE TABLE `downer` (
  `id` int(11) NOT NULL auto_increment,
  `name` text,
  `pass` text,
  `email` text,
  `mobile` text,
  `addr` text,
  `dob` text,
  `gender` text,
  `pin` text,
  `location` text,
  `imagess` longblob,
  `status` text,
  PRIMARY KEY  (`id`)
) ENGINE=InnoDB DEFAULT CHARSET=latin1;

-- ----------------------------
-- Table structure for download_perm
-- ----------------------------
DROP TABLE IF EXISTS `download_perm`;
CREATE TABLE `download_perm` (
  `id` int(11) NOT NULL auto_increment,
  `owner` text,
  `fname` text,
  `doctor_per` text,
  `nurse_per` text,
  `cardiologist_per` text,
  PRIMARY KEY  (`id`)
) ENGINE=InnoDB DEFAULT CHARSET=latin1;

-- ----------------------------
-- Table structure for ownerfiles
-- ----------------------------
DROP TABLE IF EXISTS `ownerfiles`;
CREATE TABLE `ownerfiles` (
  `id` int(11) NOT NULL auto_increment,
  `fname` text,
  `ct` text,
  `secretkey` text,
  `contentkey` text,
  `rank` int(11) default NULL,
  `dt` text,
  `downer` text,
  `pname` text,
  `symp` text,
  `dis` text,
  PRIMARY KEY  (`id`)
) ENGINE=InnoDB DEFAULT CHARSET=latin1;

-- ----------------------------
-- Table structure for request
-- ----------------------------
DROP TABLE IF EXISTS `request`;
CREATE TABLE `request` (
  `id` int(11) NOT NULL auto_increment,
  `user` text,
  `owner` text,
  `fname` text,
  `secretkey` text,
  `contentkey` text,
  PRIMARY KEY  (`id`)
) ENGINE=InnoDB DEFAULT CHARSET=latin1;

-- ----------------------------
-- Table structure for results
-- ----------------------------
DROP TABLE IF EXISTS `results`;
CREATE TABLE `results` (
  `fname` text,
  `tdelay` text,
  `tpt` text
) ENGINE=InnoDB DEFAULT CHARSET=latin1;

-- ----------------------------
-- Table structure for search
-- ----------------------------
DROP TABLE IF EXISTS `search`;
CREATE TABLE `search` (
  `id` int(11) NOT NULL auto_increment,
  `user` text,
  `keyword` text,
  `dt` text,
  PRIMARY KEY  (`id`)
) ENGINE=InnoDB DEFAULT CHARSET=latin1;

-- ----------------------------
-- Table structure for search_perm
-- ----------------------------
DROP TABLE IF EXISTS `search_perm`;
CREATE TABLE `search_perm` (
  `id` int(11) NOT NULL auto_increment,
  `owner` text,
  `fname` text,
  `doctor_per` text,
  `nurse_per` text,
  `cardiologist_per` text,
  PRIMARY KEY  (`id`)
) ENGINE=InnoDB DEFAULT CHARSET=latin1;

-- ----------------------------
-- Table structure for transaction
-- ----------------------------
DROP TABLE IF EXISTS `transaction`;
CREATE TABLE `transaction` (
  `id` int(11) NOT NULL auto_increment,
  `user` text,
  `fname` text,
  `task` text,
  `dt` text,
  PRIMARY KEY  (`id`)
) ENGINE=InnoDB DEFAULT CHARSET=latin1;

-- ----------------------------
-- Table structure for user
-- ----------------------------
DROP TABLE IF EXISTS `user`;
CREATE TABLE `user` (
  `id` int(11) NOT NULL auto_increment,
  `name` text,
  `pass` text,
  `email` text,
  `mobile` text,
  `addr` text,
  `dob` text,
  `gender` text,
  `pin` text,
  `location` text,
  `imagess` longblob,
  `status` text,
  `urole` text,
  PRIMARY KEY  (`id`)
) ENGINE=InnoDB DEFAULT CHARSET=latin1;

-- ----------------------------
-- Records 
-- ----------------------------
INSERT INTO `attacker` VALUES ('1', 'Saran', 'h1n1.txt', '[B@4d55752222', '15/09/2020   17:47:55', 'Secret Key Attack');
INSERT INTO `authority` VALUES ('authority', 'authority');
INSERT INTO `cloud` VALUES ('cloud', 'cloud');
INSERT INTO `cloudserver` VALUES ('1', 'H1N1.txt', 'VTNkcGJtVWdabXgxSUhkaGN5Qm1hWEp6ZENCeVpXTnZaMjVwYzJWa0lHbHVJSFJvWlNBeE9URTVJSEJoYm1SbGJXbGpJR0Z1WkNCemRHbHNiQ0JqYVhKamRXeGhkR1Z6SUdGeklHRWdjMlZoYzI5dVlXd2dabXgxSUhacGNuVnpMaUJUZDJsdVpTQm1iSFVnYVhNZ1kyRjFjMlZrSUdKNUlIUm9aU0JJTVU0eElIWnBjblZ6SUhOMGNtRnBiaXdnZDJocFkyZ2djM1JoY25SbFpDQnBiaUJ3YVdkekxnMEtEUW9OQ2xONWJYQjBiMjF6SUdsdVkyeDFaR1VnWm1WMlpYSXNJR052ZFdkb0xDQnpiM0psSUhSb2NtOWhkQ3dnWTJocGJHeHpMQ0IzWldGcmJtVnpjeUJoYm1RZ1ltOWtlU0JoWTJobGN5NGdRMmhwYkdSeVpXNHNJSEJ5WldkdVlXNTBJSGR2YldWdUlHRnVaQ0IwYUdVZ1pXeGtaWEpzZVNCaGNtVWdZWFFnY21semF5Qm1jbTl0SUhObGRtVnlaU0JwYm1abFkzUnBiMjR1RFFvTkNnMEtWSGx3YVdOaGJDQjBjbVZoZEcxbGJuUWdhVzVqYkhWa1pYTWdjbVZ6ZEN3Z2NHRnBiaUJ5Wld4cFpYWmxjbk1nWVc1a0lHWnNkV2xrY3k0Z1NXNGdjMjl0WlNCallYTmxjeUJoYm5ScGRtbHlZV3dnYldWa2FXTmhkR2x2YmlCaGJtUWdTVllnWm14MWFXUnpJRzFoZVNCaVpTQnlaWEYxYVhKbFpDND0=', 'zm03k8sn4l9f3y3y', '[B@4d5575', '13', 'MTUvMDkvMjAyMCAgIDE2OjAwOjU3', 'tmksmanju', 'No', 'No', '-1c1322d1bbf808be350f8336b20c5482b02027bd', 'Arul', 'SGlnaCBGZXZlcg==', 'SDFOMQ==');
INSERT INTO `cloudserver` VALUES ('2', 'Cancer.txt', 'UTJGdVkyVnlJR2x6SUdFZ1ozSnZkWEFnYjJZZ1pHbHpaV0Z6WlhNZ2FXNTJiMngyYVc1bklHRmlibTl5YldGc0lHTmxiR3dnWjNKdmQzUm9JSGRwZEdnZ2RHaGxJSEJ2ZEdWdWRHbGhiQ0IwYnlCcGJuWmhaR1VnYjNJZ2MzQnlaV0ZrSUhSdklHOTBhR1Z5SUhCaGNuUnpJRzltSUhSb1pTQmliMlI1TGlCT2IzUWdZV3hzSUhSMWJXOXljeUJoY21VZ1kyRnVZMlZ5YjNWek95QmlaVzVwWjI0Z2RIVnRiM0p6SUdSdklHNXZkQ0J6Y0hKbFlXUWdkRzhnYjNSb1pYSWdjR0Z5ZEhNZ2IyWWdkR2hsSUdKdlpIa3VEUW9OQ2cwS0RRb05Da1poWTJsdVp5QndjbTlpYkdWdElIZHBkR2dnVEhWdVp5QmpZVzVqWlhJTkNrRWdZMkZ1WTJWeUlIUm9ZWFFnWW1WbmFXNXpJR2x1SUhSb1pTQnNkVzVuY3lCaGJtUWdiVzl6ZENCdlpuUmxiaUJ2WTJOMWNuTWdhVzRnY0dWdmNHeGxJSGRvYnlCemJXOXJaUzQ9', 'xo38x7wn7z8f7g9d', '[B@1f480e3', '1', 'MTUvMDkvMjAyMCAgIDE3OjE5OjQx', 'tmksmanju', 'No', 'No', '740e6c0f04efdfad0c032381f7a85ec175d8e0a4', 'Kumar', 'Q29udGludW91cyBWb21pdGluZw==', 'Q2FuY2Vy');
INSERT INTO `cloudserver` VALUES ('3', 'Malaria.txt', 'UVNCa2FYTmxZWE5sSUdOaGRYTmxaQ0JpZVNCaElIQnNZWE50YjJScGRXMGdjR0Z5WVhOcGRHVXNJSFJ5WVc1emJXbDBkR1ZrSUdKNUlIUm9aU0JpYVhSbElHOW1JR2x1Wm1WamRHVmtJRzF2YzNGMWFYUnZaWE11', 'qp90w0kt6l3k3l0h', '[B@4b9101', '2', 'MTUvMDkvMjAyMCAgIDE3OjM4OjU2', 'Rajesh', 'No', 'No', '-250a14ddaa0285c2af75616553b031ce2cf81c81', 'Gokul', 'SGlnaCBGZXZlciBhbmQgQ2F1Z2g=', 'TWFsYXJpYQ==');
INSERT INTO `cloudserver` VALUES ('4', 'Dengue1.txt', 'UkdWdVozVmxJR1psZG1WeUlHbHpJR0VnYlc5emNYVnBkRzh0WW05eWJtVWdkSEp2Y0dsallXd2daR2x6WldGelpTQmpZWFZ6WldRZ1lua2dkR2hsSUdSbGJtZDFaU0IyYVhKMWN5NWJNVjBnVTNsdGNIUnZiWE1nZEhsd2FXTmhiR3g1SUdKbFoybHVJSFJvY21WbElIUnZJR1p2ZFhKMFpXVnVJR1JoZVhNZ1lXWjBaWElnYVc1bVpXTjBhVzl1TGxzeVhTQlVhR2x6SUcxaGVTQnBibU5zZFdSbElHRWdhR2xuYUNCbVpYWmxjaXdnYUdWaFpHRmphR1VzSUhadmJXbDBhVzVuTENCdGRYTmpiR1VnWVc1a0lHcHZhVzUwSUhCaGFXNXpMQ0JoYm1RZ1lTQmphR0Z5WVdOMFpYSnBjM1JwWXlCemEybHVJSEpoYzJndVd6RmRXekpkSUZKbFkyOTJaWEo1SUdkbGJtVnlZV3hzZVNCMFlXdGxjeUIwZDI4Z2RHOGdjMlYyWlc0Z1pHRjVjeTViTVYwZ1NXNGdZU0J6YldGc2JDQndjbTl3YjNKMGFXOXVJRzltSUdOaGMyVnpMQ0IwYUdVZ1pHbHpaV0Z6WlNCa1pYWmxiRzl3Y3lCcGJuUnZJSFJvWlNCc2FXWmxMWFJvY21WaGRHVnVhVzVuSUdSbGJtZDFaU0JvWlcxdmNuSm9ZV2RwWXlCbVpYWmxjaXdnY21WemRXeDBhVzVuSUdsdUlHSnNaV1ZrYVc1bkxDQnNiM2NnYkdWMlpXeHpJRzltSUdKc2IyOWtJSEJzWVhSbGJHVjBjeUJoYm1RZ1lteHZiMlFnY0d4aGMyMWhJR3hsWVd0aFoyVXNJRzl5SUdsdWRHOGdaR1Z1WjNWbElITm9iMk5ySUhONWJtUnliMjFsTENCM2FHVnlaU0JrWVc1blpYSnZkWE5zZVNCc2IzY2dZbXh2YjJRZ2NISmxjM04xY21VZ2IyTmpkWEp6RFFvTkNnMEs=', 'ko41v8oe5t3e0d8d', '[B@1b66b06', '0', 'MTgvMDYvMjAyMSAgIDE2OjM4OjI3', 'Manjunath', 'No', 'No', '-1d0d20b8096b8e457f30902671c2b1015cd416f1', 'test', 'dGVzYXQ=', 'dGVzdA==');
INSERT INTO `downer` VALUES ('1', 'tmksmanju', 'tmksmanju', 'tmksmanju13@gmail.com', '9535866270', '#8728,14th Cross,Malleshwaram', '05/06/1987', 'Male', '560040', 'Bangalore', 0x89504E470D0A1A0A0000000D49484452000000660000006608030000000E01145000000084504C5445FFFFFF34495E2C3E502E40531C32469EA5AD31475C2E445A31465CFAFBFB284057273F56A4ADB6243D55EFF0F23A4E62B0B7BF425569C1C7CEDDE1E4B9BFC6C7CDD18995A0516274E6E8EA193045848E9958697ADBDFE297A1AC7F8994758290677786485B6FABB2BA4E5C67717B86D1D4D74757665763705E6C7A60708024384B19364FB10589D20000031C494441546881ED9AD9B6A23010458D62429019191411A145AFFAFFFFD7B0AE53AB544A2A3EB5E7C147F7AAA4726AD0D1E8ABAFBEFAACDC2C8A7DDBF6C328733FC5904DBDAE1CC799CDDA8F6A5D37F2139478595996C9CE32C5AC5AC6DA2159E9892BE342F2CA4C2B44FA8EE0EC495C9C7C8D27E7268F91DC224AB4E5822C5F8572E194BAE2D9587D904E56A90522973388C2D82CD111CFDCEBB997EBB979733A25CB054C614CE4F4BC4EC08B395F4F410EC651535A0E351C4C305D16D02832E87D31F7E2012DD9E68A2CBB7242122651A6D9AF04E9D4E4168BD9524E2DFBC1620E945C6B2A5406B44E9036044C8C4BB436052A4A250D0364A6990125D5622C8607946862ECDDF08A7237AB148BC957048C7BC026F486D412ACB198358532B291185E933011C3393423161C9CDB88038D329A9F309813AD0EB41EADEE38BA60C82D54C89446C03DFA682097EA064A473F98ED151C1D6D5AAB9507724440F1993B8501C011A412F02FA7EAE588541BA52DD669CF54E0908AF3B312EF15C523769B0F721B3F7F656E077FA56F3FE076FB809716CABBFD801E90B45366F5FA34B7586AD35FA76BB3D781DC87C48811C9F87042141CEE1C289B15B7800DE026111483038AF2FE7DC05340E650679B5BC850CE013943FC40DAAA41FD51A657BF7F4185BA9C3D8A7B6F4FD405FE5AEE38E24D8EDDFF20219996FD0E65EE0DA27403C81B8B9555FA568EDD4BA4F85A8A699A7A39399692A016287D72903528C6F5CD7D42766D6E4938B24EA2C4D89B4FA4B4F120B22D1B9E65D770102E5A2B369B18CD7C25063BA243E2958A129292F922654DC08ECEB0C406A644D8250D2C1E4420C6D64269054ED6728DDAA0AA652D21CCEA650B3B4022874E2D1E5A671E65821B295FC3DBFC9505BC50895B6EA330457F974336E79B209B46FCBA81C600ABDC2CD76068670CE0D2E82D1D0203ECF1DC8D3ECC16B81BEC121D81F901303B6D98C91EB89BCD51930BF0237037B230C67A0AC1D89802434838198F2764106FBF85439E26B7C6B80511D57E8501FF9E13ED8E630D32FE285AA8666F90214763AF1C0BA262B75818042D16BB2962A89659534F09AA9BEC237FF2F8EAABFF4E7F01B070378EDE50F2620000000049454E44AE426082, 'Authorized');
INSERT INTO `downer` VALUES ('2', 'Venu', 'Venu', 'tmksmanju13@gmail.com', '9535866270', '#7827,14th Cross,Malleshwaram', '05/06/1987', 'Male', '560021', 'Bangalore', 0x89504E470D0A1A0A0000000D49484452000000790000007908030000002A247E7B00000063504C5445FFFFFF000000E6E6E6F8F8F8727272BEBEBEE9E9E9E0E0E09494943030309E9E9ECACACAA7A7A74B4B4BF2F2F24747471C1C1C7C7C7C3636360F0F0F8D8D8D616161525252D6D6D66A6A6AC4C4C42525255C5C5CAEAEAE1414148484845757573D3D3DEB2CA73D00000621494441546881C55BD976AB300C2450D62490B5D9DBFCFF57DE58B60324481A137AEE9CD397063C5896644996A32818F1FC5AAD8FCDF9B69D6D6FE7E5715D5DE771F83061C84EC5723B1BC276599CB2BFA23D54CD6A90D563B5AC0ED3D3E64523B27A34553E256D92EE5F85BB2A379BCDFDF157AE5EC5BF4F93A988ABB2477AA9D2799EF9D193389FA7C5A547BF594CC3DB1D7297726A94A5BBEE07561FF32E3A52BCD6CAC3F5B5B32A9FCDFBF49CC672812D5EB2583E05341FCD5B7FF941BE42ACE5D0BEA6098941EAAD771DEAA1E2B57B73958EE04DFCDB5F630C34F7F3FE09B6B0DC398EE5D8C59ABBF56E023FFCE43EF93A92D7C09BC529E4A5C2BEF33D52431CEA6F3B4C81BFB29EC2220DDCB4D7E0E3C9D19AE314FBCEC13A8423A46789F543176DB7ADB3388E336D3DB20B4CED88BF844793ECB43B7E6FCEB7D9ADBCEF770771D4C4DAD75EA7B6A2FEE11FA8ABEF591F7759217EECAC3562AB5C3B9EF76736804614FA0E51B342215E0CF13E701647DDE9C695CAA24E5E439316E5FA2AA8A41594E05272AB5C2CB11C8A6DBFF89DC5AA19EB48EDC817560B5F35EB0D37D6D926645C0D373469D786155AA111CF8420282397C2ACA35D64D673E500F16CC66EC807FEE79A0201DE3479EDEA81B52F8A2457433F93127CB3C4D89425B325351950DF93FCC57EFFD2C12A784D3FBF471AA4017C20506F50667EBDC80D6D06FFBB645F720A8260CF0FB21CFA324612FD2F8350F22B36A707FAFF23C5639D57E49D100421A2A051FA364FAF4851E20567162497BF4D9AA62C6D638ACBEE418A57C9423A2B9D90624B99447D9F8639360F6C5AF74D7E535AE500A35242565AE976BB24C728869A5929B3A173B6D6F98C8C68DD055B0E9CB39C97904D7B5D2E54190531CBF92339066F58A4B772541AA2DB720E48DEDB0998442FF83CC22FCEACE4261DA52263D6924670777EE0AC242757F39015370952CB527630331B6C39B4E2CE4C2CF2B6770D7E290435993006BA3282A190808FED1DF05D52CD96497CC699904DA995940C6656CB1BA9FF3E326DB5408C9B953A144DC22CB4A9586EB5A7F10DFA571FCA30DEDCEE71D11F478312A028427B7D6C2314A03E1A83CC40118A346B6ECD0528D5A17306CA3AA46257EBC1F472DB1C2486C7AA283ED9EA223AC2CCAA278972A3626B1A72A5965403F62ACD7B3E5466451F68862CD58703E2B0BB5A38AC8DFF5C46E719E0B59DBF81C027854F9830E31CDD30E629D7999857E45000663CBB01CCCA306F29BBB8EB0FA38E440EDB1D4869881998332C6E316C77B07306A58D4E7A8B9C7918E61BAADB0F6AB528F5C02F74D862751BB367C260C9B307A150DB01D9734341A5EEC3087A2C861D7B381F06FA6D033D16C38E019CDF06F72A827CF06DBC0304B757A1FBB381B6D0D832FBFD993E003CD7D1C40D8ACEC524681C46900DAB0147A11C2D86634F821C99A0C79F9E118BB71DA4C40ED81E092465136F633986835477454FD69E3906965779F0DE043E7D7CE655944B96E86BBD86872E408B8A3AB924963FB76098E16366CA9F9B7616F841F3A7CC9D9A015427998EF9D2D146A036A433A35D101D6143F5B0E998696DBD1D0035409D199576AF0608D43D5B240C33F8FA8B52E9B5DE16F567CC547A683DA65EDF6EC1F94F6C87249FDD0DFBD49A7E0B6E8FC63C3FD5F47B150A5C49B87351E8BBDFCF31F4B31B0FBE2E862CF4C0D98D7A5EE590F067387ADE3C785EA59ED159D45276F5AB8617E42CDF5C5639F8DF3E72B966A175DDD0ECDEF763ED2C36422ACDA29A594F30D0E6A09C3F83B97BC5EF3CE43787B4583C738FF1CAFA0F639CFC993BDF67909C024E258DE0869A5C853E03E760CA570DCDAB80132387B2789DB83D6AE3F420A1FA45AF9F2439E145A13EF6A7DE38723FC95B0F4DB20838087DC3BDA36D4A0FCD4BDF50520D378907A070DC36091537954EAF145E019340B602F44A79B1ECA243B85A0DA39C63FD61BEEE85D48150D8B1F4A2A4D003F609803EC0BFA146889FFD9E5302EBF78C829A4720A03DAE11D6848623A0AFD7BB946910D83D9E7FE237BB08EDDFEEF4AC7F86F5985B21A9566CD431AA4F3FEADE4D1889B17713A2EE7D8C112883DAE4DF307EC7FABCE39D2B43C9F8FCDE0D7187CABC9C86371ABA5F2561C2FB5506F09DB2B7A87302E8F7E89ABFB84767F19FEE0E7AF4EF4B3663EF4BFE03C5D644462748AF660000000049454E44AE426082, 'Authorized');
INSERT INTO `downer` VALUES ('3', 'Manjunath', 'Manjunath', 'tmksmanju13@gmail.com', '9535866270', '#78726,14th Cross,Rajajajinagar', '05/06/1987', 'Male', '560021', 'Bangalore', 0xFFD8FFE000104A46494600010100000100010000FFDB00840009060710100F0F0F11101010100F161010101012120F100F0E101511171618151515181D3420181A251B151525312125292B2E2E30171F3338332C3A282E2E2F010A0A0A0E0D0E1A10101A2D2520262D2B2B2D2D2D2D2D2B2F2D372D2F2E2B302D2F312D2E2D2D2E2B2D2D2B2D2D2D2D2D2D2D2D2D2D2D2F2D2D2D2D2D2D2D2D2DFFC000110800D200F003011100021101031101FFC4001B00010002030101000000000000000000000001030204050607FFC40047100002010202060409080805050000000000010203041112050621314151136171810722328291A1B1C1D114234252728392C21516436293A2B2D2536373C3E1333444A3E2FFC4001A010100020301000000000000000000000000010203040506FFC4003411010002020003050605040203000000000001020311042131051241519113226171B1F04281A1D1E1143252C133F1152472FFDA000C03010002110311003F00FB88000000000000000000000000000000000000000000000000000000000000000000000000000000000000000000000000000000000000000000000000000000000000000000000000000000000000000000000000003CB6B2EBC5B59B74A38D7AEB63A7069460F94E7C1F52C594B648866C786D6797A9A5F4D5DED8616B4DEE492A7B3B649CFD181A37E3A91D277F2FDDB75E1AB1D7F56BD4D01A425E34EFE6E5FEA577EF35ADDA1AF0FD59630D3EE3F9230D2F6FB69DE3A897D194F3E3DD5135EB22BDAD8F7AB6E3F54CF0959E9AFA3A9A33C2255A5354AFEDDC3FCDA716BBDC1EF5D717DC74B17134C91BACEFE4D4C9C2CD7A3DF595E53AD4E35694E3529CB6C65178A7FF003D46C44EDA931313A95E4A000000000000000000000000000000000000000784D76D65AB2ABFA3AC9BE9A5B2B558BC3A24D6D8A7C1E1BE5C372DBBB5F3E68C71B96D60C3DEE72D0D13A12859A4DA556BF19BFA2FF757D15EB671B265B65EBD3CBEFABA34C733D1B75AEA4F8E1D4B618E750D8AE3AC34EA4DF335EF91B15AB5EADC496E934CD7E569E6CB5A567AC25DC42AC7A3AF08CA2F8E1BBAFA9F5A1116C73DEC73A963C9C3EE3DDF4695AD7AFA22B2AD45BAB6951AE929B7B3BF94B94BB99DDE038F8CBEEDB95BEBF272388E1E1F56D1D7D4EE2953AF4A59A9D459A2FDA9AE0D3C535D475E277CDCBB44C4EA5B24A000000000000000000000000000000000001C7D6CD31F23B3AB5D619D2C9493E3525B23B38E1BFB132B69D42F8EBDEB69E1356ADBA0A7D2D478D7B8F1A5296D962DE383EBDB8BEB679BCDC4FB6CF31E11D3E7E32ED63C3EEFD5D193E2F7936B69B110A2A4CD5C99192B0D5A95791AF3CFAB3C554345A257DB1689895B6DAB49292746A2CD09A6B07D7C0ADA66B317AF586BE7C7131B6C783DBD95ADE56D1D39370A98D4A0DFD64B1D9F6A2B6F5C3ACF53C1F111971C5BCFEAF3FC562D737D28DD69000000000000000000000000000000000003C0784CA9D257D1F69F46739559AE696115EA753D269F1B93D9E2B5A3C225B9C25772E76919E33C384525E9DBF03C9E3E557A2C31AAED4464F9BF4B2D3695E6213814D9B4E51B46C711B36C5C49895B6C376DE2B717894AAD3F57A2AF63791D8E138E6EB4A4A587A33AEF3A5D9193536A7CA7FD4FFA71F8AA787CE1F5F3D1B8800000000000000000000000000000000000F9D6BD6CD2D60DEE74E4976E33F8A39BDA71BC16F97FB6FF0005D7F3695DAF9C9777B11E62B3EEBD0639F7218C62426656460429B67906D1B62E013B612892B44AA922D12B44B475C7FED682E2E4B0FE1BF8A3A1D95FF2DFE5FEDCDE2BAFE6FB1515E2C71DF82C7D07A8701980000000000000000000000000000000000F03E156DE5156779158F4151C65E761258F56306BCE35F89C717A4D67C771EADAE16DA968DCE1250AB1DB19A4D3EA6B15EA3C6EA6B3359EB0F4186DB8D2B8221795D1890A4CACC842BB632884C4AA9C4B2F12AD53CCD2E64EF4B77B51B69693A5F29D2165671DA94A2E6B945B5297A2106FBCED764629EECDE7C67E8E57157D43EBC7A071800000000000000000000000000000000001A1A774646EEDAADBCB62A91C14B7E49ADB19773499131B8D2D4B77676F97680B8953954D1F70B2D4A4E518A7DB8B8A7EB5CD33CD76A70B35B7B5AFE7FBBB7C3E5DC72759D371783EE7CCE4EF6DD8B6D640856572442932C2682D0A248B2F0C6E6BC2DA9CAACF7F05C5BE11464C58AD9AF14AB1E4BC6BE0DAF065A26739D5D255978D573428E3CB1F1A6BAB628AEC7CCF61C3628C74888E91C9C4E2B2F7A74FA11B0D400000004360632AB15BE515DE80AA57B496FAB4D76CE2BDE0553D2F6CB7DC505DB569AF7814CB586C56FBCB55F7F47FB80AA5AD3A3D7FE6DB7756A6FD8C0DBB0D2F6D5DB546E28D56B6B8C2A42524BAD27881BA0000000000000005377754E8C2552ACE34E1158CA52692444CC4754C5666750F926B6E93A7A4AE60ECADEA3A94F63AEBC57522B7631FA293DD26D3353364A6BDEE9F56F61A5A91D53A3B58306E85D274EA47C57292C137FBDC9F5EE385C4F674C7BF879C797DF5FAB7E99A27AF29776118B58C649A7BB8A3953B8E52D8EF79B3CAC2370874F9B1B4EDA3A434AD0B75B5E33E115B64FE06C60E172E79F763979F8297BC57FBA5E76A5ADD5FE6ABE2C611FF00A7093C13FB3CFB5EC3B15BE0E0A3B9D667ACFDFD1AF68BE4E7E1E0F5DA075FD518FC9EFA8BA32A51C212A70F164A2B64722DDBB04D6C7D475F0E7AE4889ACEE3E0E6E6C1DDE6E456D6AD27A46ACA1698D0A4B84304E2B839D46B1C7AA3877EF361ACBFF426957E5693947A957B97EC023F56EFDF95A56AFE3B97F98087AA772FCAD2955F7577EDA8063FA9537E5690A8FEEA6FDB5007EA1D37E55E557F7497B6604AD40B6E35EB3F329A0338EA0DA7F8B70FF82BF2816C7516C97D3B97E7525F9021647526C57F8EFB6A25EC88162D4DB0FF000EABEDAB2F701CDD60D57A5428BBBB4954A356DF0A9E5B96CC76B8B7B5358E212FA26AC692775676F70FCAA91F1F0D8B3C5B8CB0EAC53207500000000000034F4B693A56B4675EB4B2C21F8A4F8462B8B644CEA36B56B369D43E557D775F4AD4E9ABC9D1B483F9BA69ECE5E2FD69739772391C671DECE7BB5E76F2F2F9BA9C3F0DBE50EE5AC234A9AA74A2A9C38A5E549F36F8B34EB169E779DCB7231D61AD7FA3A95758548E2D6E92D938F63F7196992D4E89B522DD5C67A02BD278DBDC34BEACB18FB314FD065B64C593FE4AEFEFD58BD95EBFD9263A4D6CC612EBC69182787E0E7C27F54EB37DE984AD2FEA6C9D6505D4F07FCABDE23FA4C7FDB4DFDFC53ECF35BACE9759E81A5079A6DD596FC65E4E3F678F7E2532F1B7B46ABCA1969C35639CF3746ACDA58A7861BB0D981A1BDCF36DD6BB979DD6BBE753A1834B182949BC36BC704BB3733B5D8F862B17BF9EA1C5ED588ADEB48F9BDEE85B28DADB52A715849AC66F8B961E33EF7EA48ED390D9CC04E6018813880C409C406204E20310256D0395AE170A958DCB7F4A2A9F7CDA5ECC40F59AB365D0595AD1C3070A70CDF6DAC65FCCD90974C00000000010DE1B5EC480F92E9CD22F4ADE3F19AB1B5C70C314A7FBDDB2DB8725D6CE5F1FC5FB2AFBBD67A7EEE9F0BC3EF97DFC962AAA53845251845C5420B628A470F1D7DEDCF399EAEF4638C749D3A66F3506C6C60D94995A215C998A6CB4430948C5365E215B6629B2D10A2E25C0523C59691E2F3AA1D35FD386F59E117F663B65EC91EA780A777057E3CFD7F8798ED1C9DFE22DF0E5E9FCBE99712DA97D54977EF371A2AB30139809CC033013980660273013980CE116C0BE2B003CD6B5C7A7ADA3ECF7AAF5D4E6BFCB8B517EA72F404BE944000000000003C8784CD30E85A74307F3974DD3586F54D2F1DAEDC547CE31E4B6A19B053BD6DF93C8D3B756F46141795E5D57CE6F8777B91E53265F6D927278748F93D2F098BBB5DB18BC1A7CB69113A6E4C6F93B14EAA924D71F53E46E45A2636D0B566B3A9436566C443093314D978856D9866CB44306CC7365A2184E5822B11B5E236D49CF7B7DACCF5AEF510C933158DB435168F4B7AEA3FA2A537DB27F0CC7AFAD7BB58AC783C55ED36B4DA7C79BDB4EAE2DBE6DB2CAA338139806602730139C09CC04C5B7B80D8853E7E8E005A98072C136070F4453E9F4EE3BE363470EACED61FEECBF084BE884000000000003E5BACB5FE55A6B26FA76715D98C52937F8E515E69CAED3CBDCC56D78F2F5FE1D2E0E9D3D5A95AA6694A5CDE270EB1A8D3D256BDD888604A56D1AAE2F677AE0C98B4C297AC5BAB6E37317D5DA4CDD8271CC25CD73462B58D4B0725CCC73332B442B9545C045578AA996D324725E3934B4B4F2D0A8F9ACABCED9EF37381A77F3D63F3F4E6D5E3B277387BCFC35EBC9B7A854B2D1B8ADC64D417A305FD523D43CA3B79C2139C09CE04E70273816422DF002E852E7B40BD3C009CC0330129AD98EEE3D8B6BF52039DE0B21D2FCBEF5EFAF5B2AC78258CFFDC4BB884BDE8000000000007C6B4256E9257F74F7D59BC1FDB9393FEA8FA0F3BDA97DDE95F9CBBDC153DE85A68BB2C922B32864911B42702BB46D3811B46D380D9B301B368C06CDB8BACD53085387D66E5DD15FFD1D9EC8A6EF6BF946BD7FE9C9ED6C9AA569E73BF4FF00B7A5D096F2A76142383C6A6351F63DBF9BD4779C15EA12E4C0C952972F5A02C8D07C5AF6816468AE2DBF50174525B92033CC0330139809CC04E603434FDD74569733DCF23847ED546A0BFA981DFF0007D67D0E8DB6586DA91759F5F492725FCAE3E8212F440000000000D5D2B51C2DEBCD6F8D3AB25DAA0D913D135EB0F916ADC70B19F5D5F6460799ED09FF00D88FFE7F77A2E0BAFAAE8D48B9C6962B3CB7478BD8DFB99AFDCB7726FAE51E2DFB65A567BB33CD765C3672316D6DA522B328DB248AED0CB02368DA7006D180D9B434366DE674EFCE5CC292FDC879D27FF28F4FD934EEE0EF79CCFECF3FDA77EF66D7947F2FA15D611C94D6EA718C7D589D37354A98139C09CE04E702738139C09CE0338139809CC07035D66E746DEDE3E5DC56C175E5F157F34D7A00FAA5B5154E10A71D91846308AE4A2B05EC212B00000000001AFA428F4946AD3FAF09C3F145AF7912989D4BE41AAEF359558F18CF37738C7E0CF31DA51ACF59F38FDDE87839D4B5EA3CB7F6B2E6E31F4C9C7F319717BDC2648F9FD2253C5F2CD5976AE178F3ED7ED39513C9BD49F7618A42646691546D9288DA36369715E944C5667A42BDE8612AD05BE705E744B462C93D2B3E92AFB5A478C7AAB95DD25FB5A7F8E3F12F1C3E69FC13E928F6F8E3F147AC3CF68A92A9A46137865E93375654F05EE3D770D8FD9E1AD7CA21E6B88BF7F2DADF17B7BD93E9678EFCCFD18ECF519D854A992273902738139C09E90912A640C937C9FA00C9297D597A18192A73FAB2FC2C0C9C1A4E537D1C56F94B67AB881C6D06BF48696A32827F27B24A59B86C6DC5F6CA78774584BEAA400000000000007C8E143E47A4AEAD27B29D76E54B93526E504BBA528F6C4E1F6B6099A77E3F0FD25D7E132F47375829BA55EDA4FE8C93C79A538B307013DFC592BF0FAC4B6F8BB44CD6D0EEDDC7E727DBEE39159E4DCC73EEC308A0999736F6E2BCEBC2D2D92E926B172786C5863C762492C713B5D9BD9F4CB4F6B939C7847EEE571DC65F1DBB94F56F4351AA4B6DC5DCA4F8C60A524BB2527EE3BB4C54A72A5623E50E3DF25EFF00DD3323D44B75FB5ACFF84BF29936A317A996CBE9D77E753FEC021EAA5AAE151F6CFE080E1691D1756D6B7494A32953DF16B1938F38CB0DBDE12DF8EB7D5C1276F09B8ECC66A4DAEAC5013FAD55F859D2FE1CD84256B3DDF0B387F065F00256B1DFBDD6B15F70FE004FE9ED26F7504BEE52094FE98D2CF7534BEEE0BDE109FD23A61F0C3F84BF3049F28D32F8B5E7515EF01974C3FDAB5E7C3DC0685FDE5FD24DD4BC8A7F5155529BF352F681D4D01AAB7BA4A946BD5B970A126D2CD9A552693DAD4762C31C76B7C3701F4DD05A16859515468C705BE527B67525F5A4F8BF5103A200000000000003CDEB9EAB46FE9C5C64A9DC52C7A29BC706B7E4961B70C78F07DE9D2F4EF432E2C9DC9F83E5BAC8EEE0A146EE94A13A4E596A35B2A2696E6B64B72DA8E7E1E0EB82F335E5BF0FD9BFED7BF0F4D70F19297D68C65E94798D6B70EC629DD111416972EEA95C50BA8DE5BC63524960E0D63F472BD98A6D35C9E2777B338FC54C7ECB24EB5E3E1CDC7E3B85BDAFDFAF36F7EBCD45B2A594D3EA9492F4381DAAE5C76E9689FCE1CB9C778EB13E8AE7AE937E4D9D47E7CBDD02672D23ADA3D60EE5BCA7D14CB5A6E1EEB29FFEC7F90A4F11863F1C7AC27D8E4FF19F49572D3D78F759B5DAAAFC0ACF19823F1D7D6168E1F2CFE19F456F4B5FBDD6D15DB19FF714FEBB86FF00385BFA4CD3F8658BBFD22FF6305DDF19959ED1E1A3F1C7EBFB2F1C1679FC3F4517FA42FE8A8BA918414B1CBB212C70DFB9BE65F171B872CCC52DBD7C27F652786CB1D63E8E8E89D1DA5EEE9AAB494553979329AA70CEB9C5358B5D66CC5B6C36ACD6752DF5AA7A69FED6847CE8FBA993B4338EA56977BEEADD764EA7BA98162D43D24F7DF41764AB3F720325E0EEF5F95A45AEC559FE70335E0D6B3F2B48CDF9937EDA840C9782E8BF2EF6AC97FA697B64C0EB68BF0756145A94A33B86B6FCEC9387E08A49F7E207AD8452492492492496C492E0901200000000000000000F39E10747BAFA3ABA8AC654B0AD15CF23C65FCB98A5E370CB86DABC3C5688AEABDAD292DB2A6BA39AE3E2AF860FBCF21C663F659ED1E13CE3F377F87C9CB4D989ACD995B144292B62555995890576892044AB92256855244AF08A54B33EA5BC4CE8B5B50E6DC52F96E93B5B58ACD0A7252A9C5654D4A78F9B14BB59DFEC9C135A77A7C7E90E67177EEC6BEF9BEBA961B0EEB8E90000000000000000000000000000000181F29D61D1353455CCAE2945CACAB3DB15BA936FC87CB06DE57D781CDE3783AE6AEBD27CBF874787CFE6DBB5AB4ABC7A4A524F9ADCE2F935C19E632E2BE2B776F0EAD32EE16646B7A31AFB8967121595A985651260854D05C541BDFB113B3BFE4E5699D34A97CC5059EB4BC54A2B338C9ECDCB7CBA8E8F09D9F6CB316C9CA3F596BE4CD15F9FD1EB7507561D9D3956ADB6E6BF97B71E8A18E3931E6DED6F9E1CB13D463A4561C5CD97BF2F5A646100000000000000000000000000000000030AD4A338CA138A94649A9464938C93E0D3DE0DE9E0F4C783BC26EB58567427BFA29B964EC8CD6D4BA9E3DC6BE5E1EB78D4C6E3E2DAC7C4CD7AB875AAE94B5D95ED25522BE9C22E4BB5CA9E2BD291CACBD9149FEDDC7EB1F7F9B769C5C4FDE95435BE8EE9D2A917C70C92C3D2D1A56EC9CB1D2D1FAC33C678F8AF8EB4DAFF0098BCCF8331FF00E2F3FC3D53EDAAC67AD76CB8547E6C57B5968ECACF3D663D7F847B7AFC554359E555E5B7B6AB565C92727E882667A7647F95BD214B71111E1EADDB7D01A5AF3CBCB6949EFCCF2CF0EA8AC658F53713A783B3B163E711CFCE79B5B2717F1F47B2D5AD4FB6B1F1E29D5AD860EB4F0C573505BA2BD7D6CE856910D1BE5B59E84B3180000000000000000000000000000000000000001557B5A73F2E9C27F6A3197B4262661A32D5EB27B5DA5B3FB9A5F023BB1E4B7B4B79ACA3A16D61B616D423D6A9534FD835089BDA7C5BD18A4B04925C96C44AA90000000000000000000000000000000000000000000000000000000000000000000000000000000000000000000000000000000000000000000000000000000000000000000000000000000000000000000000000000000000000000000FFFD9, 'Authorized');
INSERT INTO `downer` VALUES ('4', 'Rajesh', 'Rajesh', 'Rajesh.123@gmail.com', '9535866270', '#8928,4th Cross,Rajajiangar', '05/06/1987', 'Male', '560021', 'Bangalore', 0x89504E470D0A1A0A0000000D49484452000000790000007908030000002A247E7B00000063504C5445FFFFFF000000E6E6E6F8F8F8727272BEBEBEE9E9E9E0E0E09494943030309E9E9ECACACAA7A7A74B4B4BF2F2F24747471C1C1C7C7C7C3636360F0F0F8D8D8D616161525252D6D6D66A6A6AC4C4C42525255C5C5CAEAEAE1414148484845757573D3D3DEB2CA73D00000621494441546881C55BD976AB300C2450D62490B5D9DBFCFF57DE58B60324481A137AEE9CD397063C5896644996A32818F1FC5AAD8FCDF9B69D6D6FE7E5715D5DE771F83061C84EC5723B1BC276599CB2BFA23D54CD6A90D563B5AC0ED3D3E64523B27A34553E256D92EE5F85BB2A379BCDFDF157AE5EC5BF4F93A988ABB2477AA9D2799EF9D193389FA7C5A547BF594CC3DB1D7297726A94A5BBEE07561FF32E3A52BCD6CAC3F5B5B32A9FCDFBF49CC672812D5EB2583E05341FCD5B7FF941BE42ACE5D0BEA6098941EAAD771DEAA1E2B57B73958EE04DFCDB5F630C34F7F3FE09B6B0DC398EE5D8C59ABBF56E023FFCE43EF93A92D7C09BC529E4A5C2BEF33D52431CEA6F3B4C81BFB29EC2220DDCB4D7E0E3C9D19AE314FBCEC13A8423A46789F543176DB7ADB3388E336D3DB20B4CED88BF844793ECB43B7E6FCEB7D9ADBCEF770771D4C4DAD75EA7B6A2FEE11FA8ABEF591F7759217EECAC3562AB5C3B9EF76736804614FA0E51B342215E0CF13E701647DDE9C695CAA24E5E439316E5FA2AA8A41594E05272AB5C2CB11C8A6DBFF89DC5AA19EB48EDC817560B5F35EB0D37D6D926645C0D373469D786155AA111CF8420282397C2ACA35D64D673E500F16CC66EC807FEE79A0201DE3479EDEA81B52F8A2457433F93127CB3C4D89425B325351950DF93FCC57EFFD2C12A784D3FBF471AA4017C20506F50667EBDC80D6D06FFBB645F720A8260CF0FB21CFA324612FD2F8350F22B36A707FAFF23C5639D57E49D100421A2A051FA364FAF4851E20567162497BF4D9AA62C6D638ACBEE418A57C9423A2B9D90624B99447D9F8639360F6C5AF74D7E535AE500A35242565AE976BB24C728869A5929B3A173B6D6F98C8C68DD055B0E9CB39C97904D7B5D2E54190531CBF92339066F58A4B772541AA2DB720E48DEDB0998442FF83CC22FCEACE4261DA52263D6924670777EE0AC242757F39015370952CB527630331B6C39B4E2CE4C2CF2B6770D7E290435993006BA3282A190808FED1DF05D52CD96497CC699904DA995940C6656CB1BA9FF3E326DB5408C9B953A144DC22CB4A9586EB5A7F10DFA571FCA30DEDCEE71D11F478312A028427B7D6C2314A03E1A83CC40118A346B6ECD0528D5A17306CA3AA46257EBC1F472DB1C2486C7AA283ED9EA223AC2CCAA278972A3626B1A72A5965403F62ACD7B3E5466451F68862CD58703E2B0BB5A38AC8DFF5C46E719E0B59DBF81C027854F9830E31CDD30E629D7999857E45000663CBB01CCCA306F29BBB8EB0FA38E440EDB1D4869881998332C6E316C77B07306A58D4E7A8B9C7918E61BAADB0F6AB528F5C02F74D862751BB367C260C9B307A150DB01D9734341A5EEC3087A2C861D7B381F06FA6D033D16C38E019CDF06F72A827CF06DBC0304B757A1FBB381B6D0D832FBFD993E003CD7D1C40D8ACEC524681C46900DAB0147A11C2D86634F821C99A0C79F9E118BB71DA4C40ED81E092465136F633986835477454FD69E3906965779F0DE043E7D7CE655944B96E86BBD86872E408B8A3AB924963FB76098E16366CA9F9B7616F841F3A7CC9D9A015427998EF9D2D146A036A433A35D101D6143F5B0E998696DBD1D0035409D199576AF0608D43D5B240C33F8FA8B52E9B5DE16F567CC547A683DA65EDF6EC1F94F6C87249FDD0DFBD49A7E0B6E8FC63C3FD5F47B150A5C49B87351E8BBDFCF31F4B31B0FBE2E862CF4C0D98D7A5EE590F067387ADE3C785EA59ED159D45276F5AB8617E42CDF5C5639F8DF3E72B966A175DDD0ECDEF763ED2C36422ACDA29A594F30D0E6A09C3F83B97BC5EF3CE43787B4583C738FF1CAFA0F639CFC993BDF67909C024E258DE0869A5C853E03E760CA570DCDAB80132387B2789DB83D6AE3F420A1FA45AF9F2439E145A13EF6A7DE38723FC95B0F4DB20838087DC3BDA36D4A0FCD4BDF50520D378907A070DC36091537954EAF145E019340B602F44A79B1ECA243B85A0DA39C63FD61BEEE85D48150D8B1F4A2A4D003F609803EC0BFA146889FFD9E5302EBF78C829A4720A03DAE11D6848623A0AFD7BB946910D83D9E7FE237BB08EDDFEEF4AC7F86F5985B21A9566CD431AA4F3FEADE4D1889B17713A2EE7D8C112883DAE4DF307EC7FABCE39D2B43C9F8FCDE0D7187CABC9C86371ABA5F2561C2FB5506F09DB2B7A87302E8F7E89ABFB84767F19FEE0E7AF4EF4B3663EF4BFE03C5D644462748AF660000000049454E44AE426082, 'Authorized');
INSERT INTO `download_perm` VALUES ('1', 'tmksmanju', 'H1N1.txt', 'Permitted', 'No', 'No');
INSERT INTO `download_perm` VALUES ('2', 'tmksmanju', 'Cancer.txt', 'Permitted', 'No', 'No');
INSERT INTO `download_perm` VALUES ('3', 'Rajesh', 'Malaria.txt', 'Permitted', 'No', 'No');
INSERT INTO `request` VALUES ('1', 'Raju', 'tmksmanju', 'H1N1.txt', 'Permitted', 'Permitted');
INSERT INTO `request` VALUES ('2', 'Saran', 'Rajesh', 'Malaria.txt', 'Permitted', 'Permitted');
INSERT INTO `request` VALUES ('3', 'Saran', 'tmksmanju', 'h1n1.txt', 'Permitted', 'Permitted');
INSERT INTO `results` VALUES ('H1N1.txt', '76', '10240');
INSERT INTO `results` VALUES ('Cancer.txt', '54', '10240');
INSERT INTO `results` VALUES ('Malaria.txt', '57', '2048');
INSERT INTO `results` VALUES ('Dengue1.txt', '107', '9216');
INSERT INTO `search` VALUES ('1', 'Raju', 'h1n1', '15/09/2020   16:26:52');
INSERT INTO `search` VALUES ('2', 'Raju', 'h1n1', '15/09/2020   16:29:47');
INSERT INTO `search` VALUES ('3', 'Raju', 'h1n1', '15/09/2020   16:31:37');
INSERT INTO `search` VALUES ('4', 'Raju', 'H1N1', '15/09/2020   16:31:45');
INSERT INTO `search` VALUES ('5', 'Raju', 'H1N1', '15/09/2020   16:34:33');
INSERT INTO `search` VALUES ('6', 'Raju', 'H1N1', '15/09/2020   16:35:14');
INSERT INTO `search` VALUES ('7', 'Raju', 'h1n1', '15/09/2020   17:00:19');
INSERT INTO `search` VALUES ('8', 'Raju', 'cancer', '15/09/2020   17:20:45');
INSERT INTO `search` VALUES ('9', 'Raju', 'cancer', '15/09/2020   17:23:08');
INSERT INTO `search` VALUES ('10', 'Saran', 'malaria', '15/09/2020   17:46:11');
INSERT INTO `search` VALUES ('11', 'Saran', 'h1n1', '15/09/2020   17:46:34');
INSERT INTO `search` VALUES ('12', 'Saran', 'h1n1', '15/09/2020   17:47:42');
INSERT INTO `search_perm` VALUES ('1', 'tmksmanju', 'H1N1.txt', 'Permitted', 'No', 'No');
INSERT INTO `search_perm` VALUES ('2', 'tmksmanju', 'Cancer.txt', 'Permitted', 'No', 'No');
INSERT INTO `search_perm` VALUES ('3', 'Rajesh', 'Malaria.txt', 'Permitted', 'No', 'No');
INSERT INTO `transaction` VALUES ('1', 'tmksmanju', 'H1N1.txt', 'Added File', '15/09/2020   15:11:19');
INSERT INTO `transaction` VALUES ('2', 'tmksmanju', 'H1N1.txt', 'Added File', '15/09/2020   15:15:02');
INSERT INTO `transaction` VALUES ('7', 'Raju', 'h1n1', 'Search', '15/09/2020   16:26:52');
INSERT INTO `transaction` VALUES ('8', 'Raju', 'h1n1', 'Search', '15/09/2020   16:29:47');
INSERT INTO `transaction` VALUES ('9', 'Raju', 'h1n1', 'Search', '15/09/2020   16:31:37');
INSERT INTO `transaction` VALUES ('10', 'Raju', 'H1N1', 'Search', '15/09/2020   16:31:45');
INSERT INTO `transaction` VALUES ('11', 'Raju', 'H1N1', 'Search', '15/09/2020   16:34:33');
INSERT INTO `transaction` VALUES ('12', 'Raju', 'H1N1', 'Search', '15/09/2020   16:35:14');
INSERT INTO `transaction` VALUES ('13', 'Raju', 'h1n1', 'Search', '15/09/2020   17:00:19');
INSERT INTO `transaction` VALUES ('14', 'Raju', 'h1n1.txt', 'Download', '15/09/2020   17:00:37');
INSERT INTO `transaction` VALUES ('15', 'Raju', 'h1n1.txt', 'Download', '15/09/2020   17:00:47');
INSERT INTO `transaction` VALUES ('16', 'Raju', 'h1n1.txt', 'Download', '15/09/2020   17:08:06');
INSERT INTO `transaction` VALUES ('17', 'Raju', 'h1n1.txt', 'Download', '15/09/2020   17:08:20');
INSERT INTO `transaction` VALUES ('18', 'Raju', 'h1n1.txt', 'Download', '15/09/2020   17:09:30');
INSERT INTO `transaction` VALUES ('19', 'Raju', 'h1n1.txt', 'Download', '15/09/2020   17:12:10');
INSERT INTO `transaction` VALUES ('20', 'tmksmanju', 'null', 'Added File', '15/09/2020   17:19:41');
INSERT INTO `transaction` VALUES ('21', 'Raju', 'cancer', 'Search', '15/09/2020   17:20:45');
INSERT INTO `transaction` VALUES ('22', 'Raju', 'cancer', 'Search', '15/09/2020   17:23:08');
INSERT INTO `transaction` VALUES ('23', 'Rajesh', 'null', 'Added File', '15/09/2020   17:38:56');
INSERT INTO `transaction` VALUES ('24', 'Saran', 'malaria', 'Search', '15/09/2020   17:46:11');
INSERT INTO `transaction` VALUES ('25', 'Saran', 'malaria.txt', 'Download', '15/09/2020   17:46:17');
INSERT INTO `transaction` VALUES ('26', 'Saran', 'h1n1', 'Search', '15/09/2020   17:46:34');
INSERT INTO `transaction` VALUES ('27', 'Saran', 'h1n1', 'Search', '15/09/2020   17:47:42');
INSERT INTO `transaction` VALUES ('28', 'Saran', 'h1n1.txt', 'Download', '15/09/2020   17:47:46');
INSERT INTO `transaction` VALUES ('29', 'Manjunath', 'null', 'Added File', '18/06/2021   16:38:27');
INSERT INTO `user` VALUES ('1', 'Raju', 'Raju', 'tmksmanju13@gmail.com', '9535866270', '#7827,14th Cross,Rajajinagar', '05/06/1987', 'Male', '560021', 'Bangalore', 0x89504E470D0A1A0A0000000D49484452000000660000006608030000000E01145000000084504C5445FFFFFF34495E2C3E502E40531C32469EA5AD31475C2E445A31465CFAFBFB284057273F56A4ADB6243D55EFF0F23A4E62B0B7BF425569C1C7CEDDE1E4B9BFC6C7CDD18995A0516274E6E8EA193045848E9958697ADBDFE297A1AC7F8994758290677786485B6FABB2BA4E5C67717B86D1D4D74757665763705E6C7A60708024384B19364FB10589D20000031C494441546881ED9AD9B6A23010458D62429019191411A145AFFAFFFFD7B0AE53AB544A2A3EB5E7C147F7AAA4726AD0D1E8ABAFBEFAACDC2C8A7DDBF6C328733FC5904DBDAE1CC799CDDA8F6A5D37F2139478595996C9CE32C5AC5AC6DA2159E9892BE342F2CA4C2B44FA8EE0EC495C9C7C8D27E7268F91DC224AB4E5822C5F8572E194BAE2D9587D904E56A90522973388C2D82CD111CFDCEBB997EBB979733A25CB054C614CE4F4BC4EC08B395F4F410EC651535A0E351C4C305D16D02832E87D31F7E2012DD9E68A2CBB7242122651A6D9AF04E9D4E4168BD9524E2DFBC1620E945C6B2A5406B44E9036044C8C4BB436052A4A250D0364A6990125D5622C8607946862ECDDF08A7237AB148BC957048C7BC026F486D412ACB198358532B291185E933011C3393423161C9CDB88038D329A9F309813AD0EB41EADEE38BA60C82D54C89446C03DFA682097EA064A473F98ED151C1D6D5AAB9507724440F1993B8501C011A412F02FA7EAE588541BA52DD669CF54E0908AF3B312EF15C523769B0F721B3F7F656E077FA56F3FE076FB809716CABBFD801E90B45366F5FA34B7586AD35FA76BB3D781DC87C48811C9F87042141CEE1C289B15B7800DE026111483038AF2FE7DC05340E650679B5BC850CE013943FC40DAAA41FD51A657BF7F4185BA9C3D8A7B6F4FD405FE5AEE38E24D8EDDFF20219996FD0E65EE0DA27403C81B8B9555FA568EDD4BA4F85A8A699A7A39399692A016287D72903528C6F5CD7D42766D6E4938B24EA2C4D89B4FA4B4F120B22D1B9E65D770102E5A2B369B18CD7C25063BA243E2958A129292F922654DC08ECEB0C406A644D8250D2C1E4420C6D64269054ED6728DDAA0AA652D21CCEA650B3B4022874E2D1E5A671E65821B295FC3DBFC9505BC50895B6EA330457F974336E79B209B46FCBA81C600ABDC2CD76068670CE0D2E82D1D0203ECF1DC8D3ECC16B81BEC121D81F901303B6D98C91EB89BCD51930BF0237037B230C67A0AC1D89802434838198F2764106FBF85439E26B7C6B80511D57E8501FF9E13ED8E630D32FE285AA8666F90214763AF1C0BA262B75818042D16BB2962A89659534F09AA9BEC237FF2F8EAABFF4E7F01B070378EDE50F2620000000049454E44AE426082, 'Authorized', 'IT Dept Manager');
INSERT INTO `user` VALUES ('2', 'Ramesh', 'Ramesh', 'tmksmanju13@gmail.com', '9535866270', '#7827,14th Main,Vijayanagar', '05/06/1987', 'Male', '560024', 'Bangalore', 0xFFD8FFE000104A46494600010100000100010000FFDB0084000906071013101513130F0F1513150F0F171817170F0F0F151A1515151716151B1A15181D2A20181A251D151521312125292B2E2E2E171F3338332C37282D2E2B010A0A0A0E0D0E151010152E2220222D2B2D2D2E2D2B2F2E2D2D2D2B2D2D2D2D37372D2B2D2D2E2D352D2B2D2D2D2D2D2D2B2D2B2D2B2D2F2D2D2D2D2D2D2D2D2DFFC000110800E100E103011100021101031101FFC4001B00010002030101000000000000000000000001060205070403FFC4003C1000020101050506030605040300000000000102310311216171040506415112228191A1B13252C113426272A2D14382B2E1F0235392F1142433FFC4001A010100030101010000000000000000000000010506040302FFC4003411010001020403050802020301010000000001020304051131214151126191B1D11322427181A1E1F032F152C11423432415FFDA000C03010002110311003F00EDE02FE801BE48037CB9806EED403776A02FBAA02FE6C027CD804FC808ED73A2133A1BB53B6712ECD07729B9B5F22ED7EAA7A95D7B35C35AE1DAED4F771FBECEEB5975FB9C74D23BFF00756A368E329BF82C62B3949CBD15DEE575CCF2AF82DF8CFA7ABBE8CA29F8ABF087927C59B4BA7D92FE47F56737FF00B389EEF0FCBDE32AB1DFE3F823C59B4AFF0069EB07F464C67389EEF0FC939558E5AF8FE1EBB0E329AF8EC62FF2C9C7D1DFEE7BDBCF2AF8EDF84FAFABC2BCA29F82BF186DF63E25D9A7839B84BA4D767F553D4B1B39AE1AE709ABB33DFC3EFB386EE5D7EDF2D7E5E9BB6CA585F7DF7F4C7C8B289D5C131A26FE6C027CD804C0277E8013BF4017F400DF2401BE48037E604DE00087D008C900A60AA029A80A6A0298BA80CD80CD80AE806AB7CEFDB3B1C3E29FCA9FF53E4BD4AFC66636F0FC37ABA7AF4776170372FF001DA9EBE8A66F1DED6D6EFBF3EEFCABBB1F2E7E2667118CBD7E7DFAB8748DBF7E6BFB185B567F847D79BC472BA4080003601B007B7776F5B6B177C2787CAFBD1F2E5E171D587C65EB13FF005D5C3A4EDFBF273DFC2DABD1EFC71EBCD72DCDBFACEDF07DCB4F95BAE717CF4A9A5C1E636F11EEED574F45062B0172C7BDBD3D7D5B6AE2E858B84AE9EE02BA00AE08064805304029A80A66C094AEAD409021BE4808A60AA029A80A6A0298BA80CD80CD80AE805778937FF62FB2B27DFF00BD2F97FBFB14D99665EC75B76A7DEE73D3F3E4B5C0603DA7FD9723DDE51D7F0A64A4DBBDB6EF78BAB6CCC4CF1D6776822394012040001B00D8001204116EFBE9762B9788D74D8D35DD72E1CDFF00F6B7595ABEFF00DD953B793CFDCD365D997B5D2D5D9F7B94F5FCF9A831F80F67ADCB71C39C74FC2C75D0BA5495C100C900A6080535014CDB014C5D4094B9B024086FA5408A6A029A80A62EA0336033602BA01A8E24DEDF6367745F7E77A8E4B9CBF6CCAECCB1BFF1EDE94FF29DBBBBDDF80C27B7AF5ABF8C6FE8A0B6DBAEAFA99099E73BB4DDD000000000360004810001B1B89F4FD8470E26FC17DE1BDEDF6F67D993FF0052172966B935F5FEE6BB2DC6FF00C8B7A55FCA37EFEF6671F84F635EB4FF0019DBBBB9B8C9164E02982014D405336C053175019B0252E6C09BC086EED408A6A0298BA80CD805D580AE8044E6AE6DBBA2936DE4ABE044CC444CCA622666221CDB7B6DCEDEDA5377DCDDD15D22A8BEBE2CC4E2F1137EED5727E9F2E4D6E1AC459B71447D7E6F21CCF7000006C0360004810001B1B8364810F56ECDB5D8DAC671E4FBCBAC5FC4BFCE771D185C44D8BB4DC8FAF7C7378E22CC5EB7347EEAE956734D27177A6934F278DE6DE9AA2A8898DA591AA26999894D352505336C053175019B019B0256388195E062DDDA8114C5D4066C066C0574015D3DC0D2717ED9D9D9FB29FF00F4928F8565FB789579BDFF006787ECC6F570FA7358E5967B77BB53B53C7D145326D28100006C0360004810001B1B83648100002F3C1FB676B67EC565672BBF95E31FAAF035793DFF006963B33F0CE9F4E5E8CE66967B17BB51F171FAF36F299B65AAB4A62EA0336033602B8BA012B1D00C80C5E188119B019B015D00574F7015D00A671BDBDF6D082A46CEFF00193C7D228CCE77735BD4D3D23CFF00A68328A34B5555D67CBFB574A55A8001B00D800000001B1B8120400000161E0AB7ECDB4A3F3D9FAC5E1E8D973925CD2F554F58F2FED579B51ADAA6AE93E6BA5317534ECF19B019B015C5D00574F7026FBF40320317D58119B015D00574F7015D006480A07154AFDAE6BA2B35FA13FA98FCD675C557DDA793519746986A7EBE6D495EED01B00D800000001B1B813B8100000001B369C2F3BB6BB3CFB6BF44BFB1DF95CE98AA3EBE52E3CC635C357F4F38741CD9B1658CD80AE2E802BA7B80AE804DFD2804DC0435CD8115D00574F7015D0064806480E7FC531BB6BB45F91FE8898ECD234C5DCFA794351974FF00F351F5F396A8E076EC0360004810001B1B8120400000006C01B4E185FF00B765ACFD2123BF2CE38AB71F3F2971E61C30D5FD3CE1D07366C5962B8BA00AE9EE02BA00AE0A804DFC90137010D790115D3DC057401920192014C10149E34B1ECED1197CD64BCE2DA7E97197CEA8D2FC55D63CBF61A2CA6BD6CCD3D25A029D67B0002408000D8DC09020000000360001BEE0CB1BF687274859C9F8B692F4BCB7C968D71135748F356E6B5E96623ACAEF5C5D0D4B38574F7015D005705401920272404810D5FA0115D00648064805304029A815FE34D92FB15695709E3F96583F5EC94F9D59EDD98AE3E19FB4FEC2D32ABBD9BB347F947DE3F654A32ED0812040006C6E048100000001B00000173E0AD92EB295A3FBF2C3F2C30F772F234F92D9ECDAAAE7F94FDA3F3AB3F9B5DED5C8A3A479FE3458ABA7B972AA2BA00AE0A80324032404AC30E6064062F1D008C900C900A6080535014CD81F3DA2C23284A32C54A2E2F47D0F8B96E2E513455B4F07DD15CD154551BC39A6D9B34ACAD2509562EEFD9F8AB9F8986BD6AAB572AB756F0D7DAB94DCA22B8E6F89E6FB000D8DC0902000000036000003EBB26CD2B4B48C23594925F56F24AF7E07A5AB555DAE9B74EF2F8BB722DD135D5B43A5ECB60A308C23F0C6292CEE3736ADC5BA29A29DA3832172B9B954D53BCBEB5D0FB7C15C1500648064805305502561AB024087D008C900A6080535014CD80A62EA0336057B8B374BB487DB4577E0B15D61FBAF6BCA6CDB053769F6B44718DFBE3F0B5CB71516EAF675CF09DBBA7F2A59986801B1B8120400000006C0000000B9F096E8718FDB4D5D292EEAE91EBE3EC69B29C17B3A7DAD71C676EE8FCB3F99E2FDA55ECE99E11BF7CFE162AE85D2A8AE0A80324032402982A80A66D81295D5A8120437C90114C100A6A029A80A62EA0336033602B8BA014FE25DC2D376D651EE62E515CBAB4BE5CB9694CDE6596CD13376D470E71D3BE3BBCBE5B5F6031FDBD2D5C9E3CA7AFEFDD59A946B8484000004811B00000002C9C35B81CDAB5B58F715CE317F7BA36BE5F7D2B7796E5B35CC5DBB1C39475FC79FCB7A9C7E3FB3ADBB73C79CF4FCF92E35D0D2A80AE0A80324032402982A80A66D80A62EA04A5CD8120437C95408A6A029AB014C5D4066C066C057174015D3DC057402B9BEB866336E7617465CE348BD3E57E9A1498DCA69B9335D9E13D394FA792DB0999CD1A51778C75E7F954768B09C25D8945C64B93577FD99DB96EBB75766B8D257B45CA6BA75A27587CCF87D0001B000001F4D9EC27692518C5C9BA24AFF001C91F76EDD572AECD11ACF73E6BAE9A23B55CE90B6EE4E1851BA76D749D542B15AFCDEDA9A2C165116F4AEF719E9CA3D7C9478BCCE6BD69B5C23AF3FC79AC95D0BB5415C15006480648053055014CDB014C5D4066C094B9B026F021BF30229AB014C5D4066C066C05717403C3BD37B5958ABE72C79456327E1C966CE4C5636D61E3DF9E3D39BA70F84B97E7DD8E1D792A9B4714ED12B4528F66304FE0BAF4D7E2757E171417338BF35C554E9111CBD67FA5DD195D98A2699E33D7D169DD3BE2CF685745F664977A2DE2B4EAB32F7098EB7898E1C279C73FCA971384B96278F18EAD8648ED72BE3B5EC967691EC4E1192CD5F7677F26795DB36EED3D9AE9D61E96EED76E75A27457F6DE1087F0AD1C5F492ED2F3AA5E653DEC928AB8DBAF4EE9E3FBF75A5ACDEA8E1729D7E5C3F7ECD46D1C33B546908CFF2CD7B4AE2BAE65389A76889F94FAE8EEA333C3D5BCE9F38F4D5E49EE8DA635B0B5F08397B1CF560B131FF0094F86BE4F78C5D89FF00D23C486E8DA5FF0002D7C60E3EE45382C455B5A9F0D3CC9C5D88E33723C5EBB0E19DAA58B8460BF14D7B46F3A68CA71356F4C47CE7D3578579961E9E7AFCA3D746DF62E10856D6D1CBF0C576578B78FB1636724A238DCAF5F970FCF9386EE6F54F0B74E9F3E3FBF76FF64D8ECE0AE842318E4ABABABF12E2D58B76A9ECDBA74855DDBD5DD9D6B9D5F7AE87ABCDAFDEFBE2CAC162EF95D8453C5FECB338F178DB786A7DEE33CA39BAB0D84B97E7DDDBAAAD63C53B42B46DF66516FE0BAE497E1754F5BCA0A338BF4D73555A4C4F2F49FED755E5766688A6384C735AF75EF7B2B65FE9BBA576317849679ACD1A0C2E36D6223DC9E3D277526230972C4FBD1C3AF27BA982A9D6E6299B60298BA80CD80CD812B1C409BC086EED408A62EA03360336012BF402B9BFB89142FB3B1B9CA8E558A79757E852E3F358B7ADBB3C6AEBCA3D67ECB6C1E5B3734AEEF08E9CE54FB5B494E4E526DB6F16DDED99BAAAAAAAA6AAA75995F534C53114D31A4313E52CA137169C5B4D51A7735E24D354D331544E928AA22A8ECCC7059375F164A3746DA3DAFC692BFC573F02F30B9CD51C2F46BDF1BF82A3119544F1B53A774ACFB1EDD6568AFB39C65E38F8AAA2F6CE22DDE8D6DD5AA9EED8B96A74AE9D1E8A6ACF67914C5D4066C066C057174015D3DC0F3ED9B75959ABED2D23159BC5E8AAFC0F1BD88B76635B9568F5B566E5D9D28A755677A716377C6C23D95F3C92BFF963CB57E451E2B3999F76CC69DF3E9EBE0B8C3E5511C6ECEBDD1EAAD5A4DC9B6DB6DD5B77BF328AAAA6A99AAA9D6656F1114C76698D218909656768E2D38B6A49DE9A7735E27D535554D515533A4C22AA6263B331AEAB7EE1E2552BACEDAE537829D149E7F2BF434780CD62E696EF709EBCA7D27ECA1C665B346B5DAE31D3A2C94C5D4BB5499B019B015C5D00958E8064062F0C408CD80CD80AE2E8054B893887B57D958CBBB494D73CA2FA6667B32CCF7B5667E73FEA3D57980CBF6B9763E51EAAB141B2EB748400000130938BBD369F54DA7E64C4CC4EB13A131131A4F16D765E23DA61FC453CA6BB5EB5F53BED66989A3876B5F9FEEAE2B99761EBE3D9D3E5FBA36563C62EB3B04FF2CDAF468EFA33D9F8ADF84B8EAC9E3E1AFC61EA8F185955D95AFE87F53DA33CB5FE13F6F578CE5173FCA3EE89718597FB56BE3D85F5139E5AE544FDBD48CA2E73AA3EEF35B718B7F0D824BF14DBF448F1AF3D9F86DF8CBDA8C9E3E2AFC21ADDAB88F6AB4C3ED14174847B3EAEF7EA70DDCD7135FC5A7CBF665D76F2EC3D1F0EBF3FDD1AA9CDC9DEDB6F9B6DB7E657CCCCCEB54EB2EE88888D223484100001B0006E9D967E1BE20ECDD676D2C2919BE593CB32FB2DCCF498B57678729F5F55363F2FD75B96E38F38F45BB366894457174015D009BEFD00C80C5F560466C05717402AFC55BEEEBEC6CDE3F7E4BFA57D4A1CD730ECEB66DCF1E73D3BBD57396E0BB5A5DAE38728FF006A899DD97BBA42000000036000000006C6E0D8DC0000000001204005B38577D5F758DABFC8DFF4BCFA1A1CAB30D74B17278F29FF005E8A4CC705A6B7A88F9C7FBF55A6BA17EA52BA7B8137F4A0195C062D73604571740353C45BD7EC6CF0F8E57A8FD64F25EF715F98E33FE35BE1FCA76F5776070BEDEE71FE31BFA280DB6EAEB8BEA63E679CEED3E9CA0000000006C00000000D8DC1B1B800000000D800000004F98D74D8DD7FE1CDEBFF009167749F7E17297E2E8FC79E66BF2EC67FC8B7A55FCA37F56631F85F615EB4FF0019DBD1B6AE0A858B8537F2404DC04340616B68945CA4EE8C536DE4B167CD754514CD556D0FAA699AA6298DE5CDF7AEDD2B7B594DD1E115D22A8BFCE6D989C56226FDD9B93F4EE86B30D622CDB8A23EBDF2F21CEF70000000D800000001B1B8364EE0400000360000000000D93B83646EF56ECDBA5636B19C796125D62EABFCC8E8C2E22AC3DD8B91F5EF8E6F1C4598BD6E689FD9748B1B5538A7077C5A4D3C99B6A2B8AE98AA9DA592AE99A2A9A67787D3247D3E5204357E805638D3785D156317F177A5F953C178B5E851E7589ECD3166379E33F2FCCAE32AC3F6AA9BB3CB847CD50336BD0000000D800000001B1B813B81000000D8001204000004EE0D91B800256EE0BDE17C6560DE31BE51FCADF7978377F89A3C9713AD3366AE5C63E5CFEFE6A1CDB0FA4C5D8E7C2568A61CCBD53A40C66FAE0954899D38CA6235E10E67BCF6B76B6D39F272C328AC22BCAE30F8ABDEDAED57279EDF2E4D761ED7B2B74D11CBCF9BCC783D800001B00000000363701B80000006C03601B0000001B27706C8DC00000F46EEDADD95AC26BEECB1CD3C25E8D9ED86BD366ED373A7973FB3CAFDA8BB6EAA3ABA6C24AE4D3BEF57DFD4DCC4C4C6B0C84C4C4E92C894351C55B57636692559DD0FF957D132BB34BDECF0D5759E1E3F87765D6BDA5FA7BB8F87E5CFCC834E00000D800000001B1B83637000000001B0120400000D93B83646E00000000365FB8536AEDECD1BDDF283707A2C63E8D791AECAAF7B4C3531FE3C3C36FB333995AF677E67AF1F5FBB72593814FE39DA2F9D9D9AE51727FCCEE5ECFCCCE679775AE8B7D235F1E1EABDCA2DFBB5D7D78782B0512E0000D800000001B1B836370000000D8000000000363706C6E000000003601B2CBC0FB45D696907F7A0A4B58BB9FF0057A17991DDD2E576FAC6BE1FDAA337B7AD14D7D274F1FE972348A173CE28B6ED6D569938C7C92BFD6F31D99D7DBC557DDA47D9A9CBE9ECE1E8EFE2D59C0EC01B00000000363706C9DC0800000000240800001B27706C8DC0012040001B0000D9F0D5AF676AB37D5B8FFC934BD6E3BB2DAFB18AB7DFC3C61C98FA3B587AFC7C1D14D932AE5FBC6D2FB6B47D6D6D1FEA6617113DABD727BE7CDB1B11D9B544774793CE78BD36000000006C6E04EE04000003601B0120400000D93B83646E0009020000D806C0003EDB0CFB36B0974B483F2923D6C55D9BB44F7C79BCEED3DAB754774F93A91BB639CA272BDB7D5B66026759996D62348410900000011B81200000000000000000010048000000000000082FE7D06BA6C9D35755ED1BE62F472B300DA00000000000000000000000000000000000000000000008953C0261D4CDFB14FFD9, 'Authorized', 'IT Dept Manager');
INSERT INTO `user` VALUES ('3', 'Saran', 'Saran', 'Saran.123@gmail.com', '9535866270', '#7827,4th Cross,Vijayanagar', '05/06/1987', 'Male', '560040', 'Bangalore', 0xFFD8FFE000104A46494600010100000100010000FFDB008400090607080706090807080A0A090B0D160F0D0C0C0D1B14151016201D2222201D1F1F2428342C242631271F1F2D3D2D3135373A3A3A232B3F443F384334393A37010A0A0A0D0C0D1A0F0F1A37251F253737373737373737373737373737373737373737373737373737373737373737373737373737373737373737373737373737FFC00011080079007903012200021101031101FFC4001C0000010501010100000000000000000000000304050607010208FFC4003D1000010401010407050408070000000000010002030411050612213113415161718191222342A1C10732B1D1142433526272B2F043538292A2C2E1FFC4001A010101000301010000000000000000000000040103050206FFC40020110100030002030003010000000000000000010203113104122122327113FFDA000C03010002110311003F00DC508420130D4B56A7A7347E9127BC232D898379CEF2FAF249EBFA83B4EA0E922DDE99E77220E3800F69EE0324F82A10D6F4D8E6708A3B3AC5E7717BD8DCB49F13CC7963B14FB6DE9F21BF2CBDFECF49DB7B4F7A624548E3ACCED78DF7FE43E6A1AEEA975C099750B4E3DD26E7F4E12736D0DC683BDA0CD1B3CF87FC545D8D5295E05A5A607F691F92E7DF6B4CFECBA99563AA92B5AC5B85C5D15EB4D3DA2C3FF34F343DBDD6609BA295ADBF172F7A70E6FF00A80FC415577433D9B6E8003EC9C1C75AB0D0A30D0803A41ED762F51ACD3A962728B770D2F42DA2ABABFBADC7D7B41BBC60971923B5A7911FD9532B0FBFAF4952CD7BF54E24AB2070FA8F3048F35B5549D96AB45622398E5635ED3DC4642BBC7D674AFDED16F9452DF3A2C842150D0108420108420108420CE7ED75D238E970373B8E73CE3BF829ED1F49834CA3157AF186E1A37DD8E2E77593DA95DB7D18EADA6B248B1D3D4789999EB03EF0F4FC14AC7187372143AE536D279574D38CE20C1F128FBBA7D5B23F58AF1C9DEE6F1F55392B004CA61CD49AE5C37677E55697672A440BAA3E7AF2730E6499E3E079AACED4EA33910C53002D33799216700E031877982B4194702B3ADB8606EAAD70E6E8867D4A9F3B4C5B851DAB05CE7B65613CC656F5B07299B63B477939FD558DF418FA2C11A7DB7FF295BCEC030B36334707AEAB5DEBC7EABA9E2F687C9E9604210AD48108420108420108420F12B77D8E69F881098559BDC333CF746548950929E8679A3EA0F24781E3F5537916F4E2CDD947B730752C80A653390E953791F95CED75E55D33E094C78155AD6E853B52F4D622DF7B5BBA32E2063C94F599006955ED52C00D7127000393D8A29B71F615D2BCF6A2EB351B5F5035E935C4CED688D84E4EF38E30BE82D1E98D3B4AA749BCABC0C8BFDA005977D9BE8526B5AF3B686DB1C29D6791583BE37818CF8373EBE0B5C0BBBE2526B4E6DDB99E55E2D7E21D4210AA4C108420108420108420E1511ADC658F8E71C9DEC3BF11F55309BDE8A29AAC91CE43632DE2E271BBDEB56F9FFA67357BCEFE9689568CA3B5212D800734C6C4B23247B03DAF0D380F0701DE194D247C8EE0F9638FC5C09F40BE7AD16ACF130EC562B31CC14B96F390DC927900A1A68D96B58A7A759F6E3B13C714CD071ECB880464771C252DDE15DA5B543BA43FE2BF98F01D4A084D2C56A3B113C8963787B5FCF0E0720ACE75F6D2B0F77FC693FC6EB4EB434EB475AB44C8A189BBAC63060340EA096542D9FF00B42865732BEBAC15DE795967ECCFF30F87E63C15EE3919246D9237B5CC70CB5CD390476AFA5705E908420108420108420108495B9D956B4B3C9F7636971EFC206DA96A51D21B807493B865B18ECED27A82AD5EB166DB89B12170EA60E0D1E013A682EDE9263999E779E7BFF2EA4DA6C7140C6A5810EAD5EB3C6F47658F6B8119E23047F7DEA42CD7858C76E431B73CF0D0145D76F49B5141BCF7637BB1E602BBBF4CAB21CB9878F30090145E578D6D679AA9C368CFE4B3E934576A33F4552176FF006B7801E2A3F54D1E1A967F468250F310DD9653F13FAC01D8392D2358B7168FA638C0D631EEF6636818E27AFC9676F249249249E249EB59F1BC3AE3F94FD9676F2ADA47AF508A928438C3CBF1DA31C13FD1357D4766A41FA2CA6CD0272FAF272F169F84FCBB5273A67D2EE1DD77DC2AC4AD7F44D669EB55458A52640E0F63B83987B08522B10A7A858D0B518F50A44E01C491E783DBD87E9D856CFA7DC8750A305BACEDE8A6607B4F71FAA070842100842100A1F69E5DCA5145FE6CED07C065DFF5530AB3B5F2EED8A2CEE91DE9BA3EA81989B87348C926535E957974A814D1474BB5ACFE0AC3E6E77E4AFCE706B4B9C7000C927A9517649BD26D0D993F763637EBF5533B5FA97415C5289DEF25197E3A9BD9E682BBAFEA6752BA5ED3EE59ECC63BBB7CD45397A2526F38081ACE5474E79A7B3B9474EE41D77BCAA47710AF5F64DAA9974DB5A748E24D6787B01EA6BFABD41F554085D98DE3B0A93FB37B66B6D598B7B0D9E07C78CF5821C3F03EA83690F05743826EC8E5201C01E6946C4EEB23C902D942F2D6E17A402AA6DB31ED968D8C7BB01F113D8E76E91FD255AD256EB436EBC95EC46D9229061CD77228336E9170C89FEB1A05CD2CB9F087DAA63887B465F18FE2039F88F350E246BC65AE047682827364268EBCDA9DC94E191919F268E0A2AF5B92E5A92C4A7DA91D9C760EA0918E7732AC900386C92EFBBBF03804997610749C734DA69176591339A4409CCF4C277F34B4D226133F9A052BBF8BC782F5B333743B5F4883CE623D5A535ACFF78F1DCBBA1B64976B29B606191E25DEDD68C9C008371D3B502D9191125CD71C63B14E286D174B7D7027B58337C2CCFDCFFD53280421080421080C287D5366F4ED41C6531BA09CF39603BA4F88E47CC298420A05FD92D52BE5D55D15B675069E8DFE8787CD57EDD7B958E2CD3B3111FBD0BB1EB8C7CD6BEB9D45061D2D86F2DE19ECCA6925861F8DBEAB65D45420FDA0F14195492877DD39F05E5B4351B4715A85B989FDC81C7E8B73D3BEE852C3904187E8FF0067DB47A84BEFA11A7C0EE0E967209C77301CFAE16A3B2BB25A6ECCC27F4463A4B327ED6CCB82F777770EE1F3560420108420108420FFD9, 'Authorized', 'IT Dept Manager');
